title,year,certificate,runtime,genre,rating,metascore
The Shawshank Redemption,(1994),R,142 min,Drama ,9.3,80
The Godfather,(1972),R,175 min,"Crime, Drama ",9.2,100
The Dark Knight,(2008),PG-13,152 min,"Action, Crime, Drama ",9.0,84
The Godfather: Part II,(1974),R,202 min,"Crime, Drama ",9.0,90
12 Angry Men,(1957),Approved,96 min,"Crime, Drama ",9.0,96
Soorarai Pottru,(2020),TV-MA,153 min,Drama ,8.9,
The Lord of the Rings: The Return of the King,(2003),PG-13,201 min,"Action, Adventure, Drama ",8.9,94
Pulp Fiction,(1994),R,154 min,"Crime, Drama ",8.9,94
Schindler's List,(1993),R,195 min,"Biography, Drama, History ",8.9,94
Inception,(2010),PG-13,148 min,"Action, Adventure, Sci-Fi ",8.8,74
Fight Club,(1999),R,139 min,Drama ,8.8,66
The Lord of the Rings: The Fellowship of the Ring,(2001),PG-13,178 min,"Action, Adventure, Drama ",8.8,92
Forrest Gump,(1994),PG-13,142 min,"Drama, Romance ",8.8,82
"The Good, the Bad and the Ugly",(1966),R,178 min,Western ,8.8,90
The Lord of the Rings: The Two Towers,(2002),PG-13,179 min,"Action, Adventure, Drama ",8.7,87
The Matrix,(1999),R,136 min,"Action, Sci-Fi ",8.7,73
Goodfellas,(1990),R,146 min,"Biography, Crime, Drama ",8.7,90
Star Wars: Episode V - The Empire Strikes Back,(1980),PG,124 min,"Action, Adventure, Fantasy ",8.7,82
One Flew Over the Cuckoo's Nest,(1975),R,133 min,Drama ,8.7,83
Hamilton,(2020),PG-13,160 min,"Biography, Drama, History ",8.6,90
Parasite,(2019),R,132 min,"Comedy, Drama, Thriller ",8.6,96
Interstellar,(2014),PG-13,169 min,"Adventure, Drama, Sci-Fi ",8.6,74
City of God,(2002),R,130 min,"Crime, Drama ",8.6,79
Spirited Away,(2001),PG,125 min,"Animation, Adventure, Family ",8.6,96
Saving Private Ryan,(1998),R,169 min,"Drama, War ",8.6,91
The Green Mile,(1999),R,189 min,"Crime, Drama, Fantasy ",8.6,61
Life Is Beautiful,(1997),PG-13,116 min,"Comedy, Drama, Romance ",8.6,59
Se7en,(1995),R,127 min,"Crime, Drama, Mystery ",8.6,65
The Silence of the Lambs,(1991),R,118 min,"Crime, Drama, Thriller ",8.6,85
Star Wars: Episode IV - A New Hope,(1977),PG,121 min,"Action, Adventure, Fantasy ",8.6,90
Harakiri,(1962),Not Rated,133 min,"Action, Drama, Mystery ",8.6,85
Seven Samurai,(1954),Not Rated,207 min,"Action, Adventure, Drama ",8.6,98
It's a Wonderful Life,(1946),PG,130 min,"Drama, Family, Fantasy ",8.6,89
Joker,(2019),R,122 min,"Crime, Drama, Thriller ",8.5,59
Vikram Vedha,(2017),Not Rated,147 min,"Action, Crime, Drama ",8.5,
Whiplash,(2014),R,106 min,"Drama, Music ",8.5,88
The Intouchables,(2011),R,112 min,"Biography, Comedy, Drama ",8.5,57
The Prestige,(2006),PG-13,130 min,"Drama, Mystery, Sci-Fi ",8.5,66
The Departed,(2006),R,151 min,"Crime, Drama, Thriller ",8.5,85
The Pianist,(2002),R,150 min,"Biography, Drama, Music ",8.5,85
Gladiator,(2000),R,155 min,"Action, Adventure, Drama ",8.5,67
American History X,(1998),R,119 min,Drama ,8.5,62
The Usual Suspects,(1995),R,106 min,"Crime, Mystery, Thriller ",8.5,77
Léon: The Professional,(1994),R,110 min,"Action, Crime, Drama ",8.5,64
The Lion King,(1994),G,88 min,"Animation, Adventure, Drama ",8.5,88
Terminator 2: Judgment Day,(1991),R,137 min,"Action, Sci-Fi ",8.5,75
Cinema Paradiso,(1988),R,155 min,Drama ,8.5,80
Grave of the Fireflies,(1988),Not Rated,89 min,"Animation, Drama, War ",8.5,94
Back to the Future,(1985),PG,116 min,"Adventure, Comedy, Sci-Fi ",8.5,87
Once Upon a Time in the West,(1968),PG-13,165 min,Western ,8.5,80
Psycho,(1960),R,109 min,"Horror, Mystery, Thriller ",8.5,97
Casablanca,(1942),PG,102 min,"Drama, Romance, War ",8.5,100
Modern Times,(1936),G,87 min,"Comedy, Drama, Family ",8.5,96
City Lights,(1931),G,87 min,"Comedy, Drama, Romance ",8.5,99
Capernaum,(2018),R,126 min,Drama ,8.4,75
Ayla: The Daughter of War,(2017),,125 min,"Biography, Drama, History ",8.4,
Your Name.,(2016),PG,106 min,"Animation, Drama, Fantasy ",8.4,79
Dangal,(2016),Not Rated,161 min,"Action, Biography, Drama ",8.4,
Spider-Man: Into the Spider-Verse,(2018),PG,117 min,"Animation, Action, Adventure ",8.4,87
Avengers: Endgame,(2019),PG-13,181 min,"Action, Adventure, Drama ",8.4,78
Avengers: Infinity War,(2018),PG-13,149 min,"Action, Adventure, Sci-Fi ",8.4,68
Coco,(I) (2017),PG,105 min,"Animation, Adventure, Family ",8.4,81
Django Unchained,(2012),R,165 min,"Drama, Western ",8.4,81
The Dark Knight Rises,(2012),PG-13,164 min,"Action, Adventure ",8.4,78
3 Idiots,(2009),PG-13,170 min,"Comedy, Drama ",8.4,67
Like Stars on Earth,(2007),PG,165 min,"Drama, Family ",8.4,
WALL·E,(2008),G,98 min,"Animation, Adventure, Family ",8.4,95
The Lives of Others,(2006),R,137 min,"Drama, Mystery, Thriller ",8.4,89
Oldboy,(2003),R,120 min,"Action, Drama, Mystery ",8.4,77
Memento,(2000),R,113 min,"Mystery, Thriller ",8.4,80
Princess Mononoke,(1997),PG-13,134 min,"Animation, Adventure, Fantasy ",8.4,76
Once Upon a Time in America,(1984),R,229 min,"Crime, Drama ",8.4,
Raiders of the Lost Ark,(1981),PG,115 min,"Action, Adventure ",8.4,85
The Shining,(1980),R,146 min,"Drama, Horror ",8.4,66
Apocalypse Now,(1979),R,147 min,"Drama, Mystery, War ",8.4,94
Alien,(1979),R,117 min,"Horror, Sci-Fi ",8.4,89
Anand,(1971),Not Rated,122 min,"Drama, Musical ",8.4,
High and Low,(1963),Not Rated,143 min,"Crime, Drama, Mystery ",8.4,
Dr. Strangelove or: How I Learned to Stop Worrying and Love the Bomb,(1964),PG,95 min,Comedy ,8.4,97
Witness for the Prosecution,(1957),Approved,116 min,"Crime, Drama, Mystery ",8.4,
Paths of Glory,(1957),Approved,88 min,"Drama, War ",8.4,90
Rear Window,(1954),PG,112 min,"Mystery, Thriller ",8.4,100
Sunset Blvd.,(1950),Passed,110 min,"Drama, Film-Noir ",8.4,
The Great Dictator,(1940),Passed,125 min,"Comedy, Drama, War ",8.4,
1917,(2019),R,119 min,"Drama, War ",8.3,78
Uri: The Surgical Strike,(2018),Not Rated,138 min,"Action, Drama, War ",8.3,
Tumbbad,(2018),Not Rated,104 min,"Drama, Fantasy, Horror ",8.3,
Andhadhun,(2018),Not Rated,139 min,"Crime, Drama, Music ",8.3,
Drishyam,(2013),Not Rated,160 min,"Crime, Drama, Thriller ",8.3,
The Hunt,(2012),R,115 min,Drama ,8.3,77
A Separation,(2011),PG-13,123 min,"Drama, Thriller ",8.3,95
Incendies,(2010),R,131 min,"Drama, Mystery, War ",8.3,80
7 Kogustaki Mucize,(2019),TV-14,132 min,Drama ,8.3,
My Father and My Son,(2005),,112 min,"Drama, Family ",8.3,
Toy Story 3,(2010),G,103 min,"Animation, Adventure, Comedy ",8.3,92
Inglourious Basterds,(2009),R,153 min,"Adventure, Drama, War ",8.3,69
Eternal Sunshine of the Spotless Mind,(2004),R,108 min,"Drama, Romance, Sci-Fi ",8.3,89
Amélie,(2001),R,122 min,"Comedy, Romance ",8.3,69
Snatch,(2000),R,102 min,"Comedy, Crime ",8.3,55
Requiem for a Dream,(2000),R,102 min,Drama ,8.3,68
American Beauty,(1999),R,122 min,Drama ,8.3,84
Good Will Hunting,(1997),R,126 min,"Drama, Romance ",8.3,70
Children of Heaven,(1997),PG,89 min,"Drama, Family, Sport ",8.3,77
Toy Story,(1995),G,81 min,"Animation, Adventure, Comedy ",8.3,95
Braveheart,(1995),R,178 min,"Biography, Drama, History ",8.3,68
Reservoir Dogs,(1992),R,99 min,"Crime, Drama, Thriller ",8.3,79
Full Metal Jacket,(1987),R,116 min,"Drama, War ",8.3,76
Come and See,(1985),Not Rated,142 min,"Drama, Thriller, War ",8.3,
Aliens,(1986),R,137 min,"Action, Adventure, Sci-Fi ",8.3,84
Amadeus,(1984),R,160 min,"Biography, Drama, History ",8.3,88
Scarface,(1983),R,170 min,"Crime, Drama ",8.3,65
Star Wars: Episode VI - Return of the Jedi,(1983),PG,131 min,"Action, Adventure, Fantasy ",8.3,58
Das Boot,(1981),R,149 min,"Adventure, Drama, Thriller ",8.3,86
Taxi Driver,(1976),R,114 min,"Crime, Drama ",8.3,94
The Sting,(1973),PG,129 min,"Comedy, Crime, Drama ",8.3,83
A Clockwork Orange,(1971),R,136 min,"Crime, Drama, Sci-Fi ",8.3,77
2001: A Space Odyssey,(1968),G,149 min,"Adventure, Sci-Fi ",8.3,84
For a Few Dollars More,(1965),R,132 min,Western ,8.3,74
Lawrence of Arabia,(1962),Approved,228 min,"Adventure, Biography, Drama ",8.3,100
The Apartment,(1960),Approved,125 min,"Comedy, Drama, Romance ",8.3,94
North by Northwest,(1959),Approved,136 min,"Adventure, Mystery, Thriller ",8.3,98
Vertigo,(1958),PG,128 min,"Mystery, Romance, Thriller ",8.3,100
Singin' in the Rain,(1952),G,103 min,"Comedy, Musical, Romance ",8.3,99
Ikiru,(1952),Not Rated,143 min,Drama ,8.3,
Bicycle Thieves,(1948),Not Rated,89 min,Drama ,8.3,
Double Indemnity,(1944),Passed,107 min,"Crime, Drama, Film-Noir ",8.3,95
Citizen Kane,(1941),PG,119 min,"Drama, Mystery ",8.3,100
M,(1931),Passed,99 min,"Crime, Mystery, Thriller ",8.3,
Metropolis,(1927),Not Rated,153 min,"Drama, Sci-Fi ",8.3,98
The Kid,(1921),Passed,68 min,"Comedy, Drama, Family ",8.3,
Chhichhore,(2019),13+,143 min,"Comedy, Drama ",8.2,
K.G.F: Chapter 1,(2018),Not Rated,156 min,"Action, Drama ",8.2,
Green Book,(2018),PG-13,130 min,"Biography, Comedy, Drama ",8.2,69
"Three Billboards Outside Ebbing, Missouri",(2017),R,115 min,"Comedy, Crime, Drama ",8.2,88
Talvar,(2015),Not Rated,132 min,"Crime, Drama, Mystery ",8.2,
Baahubali 2: The Conclusion,(2017),Not Rated,167 min,"Action, Drama ",8.2,
Klaus,(2019),PG,96 min,"Animation, Adventure, Comedy ",8.2,65
Drishyam,(2015),Not Rated,163 min,"Crime, Drama, Mystery ",8.2,
Queen,(2013),Not Rated,146 min,"Adventure, Comedy, Drama ",8.2,
Tangerines,(2013),Not Rated,87 min,"Drama, War ",8.2,73
Bhaag Milkha Bhaag,(2013),Not Rated,186 min,"Biography, Drama, Sport ",8.2,
Gangs of Wasseypur,(2012),R,321 min,"Action, Crime, Drama ",8.2,89
Udaan,(2010),Not Rated,134 min,Drama ,8.2,
Paan Singh Tomar,(2012),Not Rated,135 min,"Action, Biography, Crime ",8.2,
The Secret in Their Eyes,(2009),R,129 min,"Drama, Mystery, Romance ",8.2,80
Warrior,(2011),PG-13,140 min,"Action, Drama, Sport ",8.2,71
Shutter Island,(2010),R,138 min,"Mystery, Thriller ",8.2,63
Up,(2009),PG,96 min,"Animation, Adventure, Comedy ",8.2,88
The Wolf of Wall Street,(2013),R,180 min,"Biography, Crime, Drama ",8.2,75
Chak De! India,(2007),Not Rated,153 min,"Drama, Family, Sport ",8.2,68
There Will Be Blood,(2007),R,158 min,Drama ,8.2,93
Pan's Labyrinth,(2006),R,118 min,"Drama, Fantasy, War ",8.2,98
V for Vendetta,(2005),R,132 min,"Action, Drama, Sci-Fi ",8.2,62
Rang De Basanti,(2006),Not Rated,167 min,"Comedy, Drama ",8.2,
Black,(2005),Not Rated,122 min,Drama ,8.2,
Batman Begins,(2005),PG-13,140 min,"Action, Adventure ",8.2,70
Swades,(2004),Not Rated,189 min,Drama ,8.2,
Downfall,(2004),R,156 min,"Biography, Drama, History ",8.2,82
Howl's Moving Castle,(2004),PG,119 min,"Animation, Adventure, Family ",8.2,80
A Beautiful Mind,(2001),PG-13,135 min,"Biography, Drama ",8.2,72
Hera Pheri,(2000),Not Rated,156 min,"Action, Comedy, Crime ",8.2,
"Lock, Stock and Two Smoking Barrels",(1998),R,107 min,"Action, Comedy, Crime ",8.2,66
L.A. Confidential,(1997),R,138 min,"Crime, Drama, Mystery ",8.2,90
The Bandit,(1996),,128 min,"Crime, Drama, Thriller ",8.2,
Heat,(1995),R,170 min,"Crime, Drama, Thriller ",8.2,76
Casino,(1995),R,178 min,"Crime, Drama ",8.2,73
Andaz Apna Apna,(1994),PG,160 min,"Comedy, Romance ",8.2,
Unforgiven,(1992),R,130 min,"Drama, Western ",8.2,85
Indiana Jones and the Last Crusade,(1989),PG-13,127 min,"Action, Adventure ",8.2,65
My Neighbor Totoro,(1988),G,86 min,"Animation, Family, Fantasy ",8.2,86
Die Hard,(1988),R,132 min,"Action, Thriller ",8.2,72
Ran,(1985),R,162 min,"Action, Drama, War ",8.2,96
Raging Bull,(1980),R,129 min,"Biography, Drama, Sport ",8.2,89
Stalker,(1979),Not Rated,162 min,"Drama, Sci-Fi ",8.2,
The Message,(1976),PG,177 min,"Biography, Drama, History ",8.2,
Sholay,(1975),Not Rated,162 min,"Action, Adventure, Comedy ",8.2,
Monty Python and the Holy Grail,(1975),PG,91 min,"Adventure, Comedy, Fantasy ",8.2,91
The Great Escape,(1963),Approved,172 min,"Adventure, Drama, History ",8.2,86
To Kill a Mockingbird,(1962),Approved,129 min,"Crime, Drama ",8.2,88
Yojimbo,(1961),Not Rated,110 min,"Action, Drama, Thriller ",8.2,
Judgment at Nuremberg,(1961),Approved,179 min,"Drama, War ",8.2,60
Some Like It Hot,(1959),Passed,121 min,"Comedy, Music, Romance ",8.2,98
Wild Strawberries,(1957),Not Rated,91 min,"Drama, Romance ",8.2,88
The Seventh Seal,(1957),Not Rated,96 min,"Drama, Fantasy ",8.2,88
Rififi,(1955),Not Rated,118 min,"Crime, Drama, Thriller ",8.2,97
Dial M for Murder,(1954),PG,105 min,"Crime, Thriller ",8.2,75
Tokyo Story,(1953),Not Rated,136 min,Drama ,8.2,
Rashomon,(1950),Not Rated,88 min,"Crime, Drama, Mystery ",8.2,98
All About Eve,(1950),Passed,138 min,Drama ,8.2,98
The Treasure of the Sierra Madre,(1948),Passed,126 min,"Adventure, Drama, Western ",8.2,98
To Be or Not to Be,(1942),Passed,99 min,"Comedy, War ",8.2,86
The Gold Rush,(1925),Passed,95 min,"Adventure, Comedy, Drama ",8.2,
Sherlock Jr.,(1924),Passed,45 min,"Action, Comedy, Romance ",8.2,
Portrait of a Lady on Fire,(2019),R,122 min,"Drama, Romance ",8.1,95
Pink,(III) (2016),Not Rated,136 min,"Drama, Thriller ",8.1,
A Silent Voice: The Movie,(2016),Not Rated,130 min,"Animation, Drama, Family ",8.1,78
The Invisible Guest,(2016),TV-MA,106 min,"Crime, Drama, Mystery ",8.1,
The Handmaiden,(2016),Not Rated,145 min,"Drama, Romance, Thriller ",8.1,84
Mommy,(I) (2014),R,139 min,Drama ,8.1,74
Haider,(2014),Not Rated,160 min,"Action, Crime, Drama ",8.1,
Logan,(2017),R,137 min,"Action, Drama, Sci-Fi ",8.1,77
Room,(I) (2015),R,118 min,"Drama, Thriller ",8.1,86
Wild Tales,(2014),R,122 min,"Comedy, Drama, Thriller ",8.1,77
Winter Sleep,(2014),Not Rated,196 min,Drama ,8.1,88
Baahubali: The Beginning,(2015),Not Rated,159 min,"Action, Drama ",8.1,
Gully Boy,(2019),Not Rated,153 min,"Drama, Music ",8.1,65
PK,(2014),Not Rated,153 min,"Comedy, Drama, Musical ",8.1,
OMG: Oh My God!,(2012),Not Rated,125 min,"Comedy, Drama, Fantasy ",8.1,
The Grand Budapest Hotel,(2014),R,99 min,"Adventure, Comedy, Crime ",8.1,88
Gone Girl,(2014),R,149 min,"Drama, Mystery, Thriller ",8.1,79
Wolf Children,(2012),PG,117 min,"Animation, Drama, Family ",8.1,71
Hacksaw Ridge,(2016),R,139 min,"Biography, Drama, History ",8.1,71
Inside Out,(I) (2015),PG,95 min,"Animation, Adventure, Comedy ",8.1,94
Barfi!,(2012),Not Rated,151 min,"Comedy, Drama, Romance ",8.1,
12 Years a Slave,(2013),R,134 min,"Biography, Drama, History ",8.1,96
Rush,(I) (2013),R,123 min,"Action, Biography, Drama ",8.1,74
Ford v Ferrari,(2019),PG-13,152 min,"Action, Biography, Drama ",8.1,81
Spotlight,(I) (2015),R,129 min,"Biography, Crime, Drama ",8.1,93
Song of the Sea,(2014),PG,93 min,"Animation, Adventure, Drama ",8.1,85
Kahaani,(2012),Not Rated,122 min,"Mystery, Thriller ",8.1,
Zindagi Na Milegi Dobara,(2011),Not Rated,155 min,"Comedy, Drama ",8.1,
Prisoners,(2013),R,153 min,"Crime, Drama, Mystery ",8.1,70
Mad Max: Fury Road,(2015),R,120 min,"Action, Adventure, Sci-Fi ",8.1,90
A Wednesday,(2008),Not Rated,104 min,"Action, Crime, Drama ",8.1,
Gran Torino,(2008),R,116 min,Drama ,8.1,72
Harry Potter and the Deathly Hallows: Part 2,(2011),PG-13,130 min,"Adventure, Drama, Fantasy ",8.1,85
Departures,(2008),PG-13,130 min,"Drama, Music ",8.1,68
Hachi: A Dog's Tale,(2009),G,93 min,"Drama, Family ",8.1,
Mary and Max,(2009),Not Rated,92 min,"Animation, Comedy, Drama ",8.1,
How to Train Your Dragon,(2010),PG,98 min,"Animation, Action, Adventure ",8.1,75
Elite Squad,(2007),R,115 min,"Action, Crime, Drama ",8.1,33
Into the Wild,(2007),R,148 min,"Adventure, Biography, Drama ",8.1,73
No Country for Old Men,(2007),R,122 min,"Crime, Drama, Thriller ",8.1,91
Lage Raho Munna Bhai,(2006),PG-13,144 min,"Comedy, Drama, Romance ",8.1,
Million Dollar Baby,(2004),PG-13,132 min,"Drama, Sport ",8.1,86
Hotel Rwanda,(2004),PG-13,121 min,"Biography, Drama, History ",8.1,79
Tae Guk Gi: The Brotherhood of War,(2004),R,140 min,"Action, Drama, War ",8.1,64
Before Sunset,(2004),R,80 min,"Drama, Romance ",8.1,90
Munna Bhai M.B.B.S.,(2003),Not Rated,156 min,"Comedy, Drama, Musical ",8.1,
Memories of Murder,(2003),Not Rated,132 min,"Action, Crime, Drama ",8.1,82
Dil Chahta Hai,(2001),Not Rated,183 min,"Comedy, Drama, Romance ",8.1,
Kill Bill: Vol. 1,(2003),R,111 min,"Action, Crime, Thriller ",8.1,69
Finding Nemo,(2003),G,100 min,"Animation, Adventure, Comedy ",8.1,90
Catch Me If You Can,(2002),PG-13,141 min,"Biography, Crime, Drama ",8.1,75
Amores Perros,(2000),R,154 min,"Drama, Thriller ",8.1,83
Neon Genesis Evangelion: The End of Evangelion,(1997),TV-14,87 min,"Animation, Action, Drama ",8.1,
Lagaan: Once Upon a Time in India,(2001),PG,224 min,"Adventure, Drama, Musical ",8.1,84
The Sixth Sense,(1999),PG-13,107 min,"Drama, Mystery, Thriller ",8.1,64
The Legend of 1900,(1998),R,169 min,"Drama, Music, Romance ",8.1,58
The Truman Show,(1998),PG,103 min,"Comedy, Drama, Sci-Fi ",8.1,90
"Black Cat, White Cat",(1998),R,127 min,"Comedy, Crime, Romance ",8.1,73
The Big Lebowski,(1998),R,117 min,"Comedy, Crime, Sport ",8.1,71
In the Mood for Love,(2000),PG,98 min,"Drama, Romance ",8.1,85
Trainspotting,(1996),R,93 min,Drama ,8.1,83
Fargo,(1996),R,98 min,"Crime, Drama, Thriller ",8.1,85
Underground,(1995),Not Rated,167 min,"Comedy, Drama, War ",8.1,
La Haine,(1995),Not Rated,98 min,"Crime, Drama ",8.1,
Dilwale Dulhania Le Jayenge,(1995),Not Rated,181 min,"Drama, Romance ",8.1,
Before Sunrise,(1995),R,101 min,"Drama, Romance ",8.1,77
Three Colors: Red,(1994),R,99 min,"Drama, Mystery, Romance ",8.1,100
Chungking Express,(1994),PG-13,102 min,"Comedy, Crime, Drama ",8.1,77
Jurassic Park,(1993),PG-13,127 min,"Action, Adventure, Sci-Fi ",8.1,68
In the Name of the Father,(1993),R,133 min,"Biography, Drama ",8.1,84
Raise the Red Lantern,(1991),PG,125 min,"Drama, History, Romance ",8.1,
Dead Poets Society,(1989),PG,128 min,"Comedy, Drama ",8.1,79
Stand by Me,(1986),R,89 min,"Adventure, Drama ",8.1,75
Platoon,(1986),R,120 min,"Drama, War ",8.1,92
"Paris, Texas",(1984),R,145 min,Drama ,8.1,78
Nausicaä of the Valley of the Wind,(1984),PG,117 min,"Animation, Adventure, Fantasy ",8.1,86
The Thing,(1982),R,109 min,"Horror, Mystery, Sci-Fi ",8.1,57
Pink Floyd: The Wall,(1982),R,95 min,"Drama, Fantasy, Music ",8.1,47
Fitzcarraldo,(1982),PG,158 min,"Adventure, Drama ",8.1,
Fanny and Alexander,(1982),R,188 min,Drama ,8.1,100
Blade Runner,(1982),R,117 min,"Action, Sci-Fi, Thriller ",8.1,84
The Elephant Man,(1980),PG,124 min,"Biography, Drama ",8.1,78
Monty Python's Life of Brian,(1979),R,94 min,Comedy ,8.1,77
The Deer Hunter,(1978),R,183 min,"Drama, War ",8.1,86
Rocky,(1976),PG,120 min,"Drama, Sport ",8.1,70
Network,(1976),R,121 min,Drama ,8.1,83
Barry Lyndon,(1975),PG,185 min,"Adventure, Drama, History ",8.1,89
The Mirror,(1975),G,107 min,"Biography, Drama ",8.1,
Chinatown,(1974),R,130 min,"Drama, Mystery, Thriller ",8.1,92
Paper Moon,(1973),PG,102 min,"Comedy, Crime, Drama ",8.1,77
Cries & Whispers,(1972),R,91 min,Drama ,8.1,
Solaris,(1972),PG,167 min,"Drama, Mystery, Sci-Fi ",8.1,90
Le Samouraï,(1967),GP,101 min,"Crime, Drama, Mystery ",8.1,
Cool Hand Luke,(1967),GP,127 min,"Crime, Drama ",8.1,92
Persona,(1966),Not Rated,83 min,"Drama, Thriller ",8.1,86
Andrei Rublev,(1966),R,205 min,"Biography, Drama, History ",8.1,
The Battle of Algiers,(1966),Not Rated,121 min,"Drama, War ",8.1,96
The Exterminating Angel,(1962),Not Rated,95 min,"Drama, Fantasy ",8.1,
What Ever Happened to Baby Jane?,(1962),Passed,134 min,"Drama, Horror, Thriller ",8.1,75
Sanjuro,(1962),Not Rated,96 min,"Action, Comedy, Crime ",8.1,
The Man Who Shot Liberty Valance,(1962),Not Rated,123 min,"Drama, Western ",8.1,94
Ivan's Childhood,(1962),Not Rated,84 min,"Drama, War ",8.1,
The Virgin Spring,(1960),Not Rated,89 min,Drama ,8.1,
Inherit the Wind,(1960),Passed,128 min,"Biography, Drama, History ",8.1,75
The 400 Blows,(1959),Not Rated,99 min,"Crime, Drama ",8.1,
Ben-Hur,(1959),G,212 min,"Adventure, Drama, History ",8.1,90
The Hidden Fortress,(1958),Not Rated,126 min,"Adventure, Drama ",8.1,
Sweet Smell of Success,(1957),Approved,96 min,"Drama, Film-Noir ",8.1,100
Nights of Cabiria,(1957),Not Rated,110 min,Drama ,8.1,
Throne of Blood,(1957),Not Rated,110 min,"Drama, History ",8.1,
The Bridge on the River Kwai,(1957),PG,161 min,"Adventure, Drama, War ",8.1,87
On the Waterfront,(1954),Approved,108 min,"Crime, Drama, Thriller ",8.1,91
The Wages of Fear,(1953),Not Rated,131 min,"Adventure, Drama, Thriller ",8.1,85
Ace in the Hole,(1951),Approved,111 min,"Drama, Film-Noir ",8.1,72
White Heat,(1949),Not Rated,114 min,"Action, Crime, Drama ",8.1,
The Third Man,(1949),Approved,93 min,"Film-Noir, Mystery, Thriller ",8.1,97
The Red Shoes,(1948),Not Rated,135 min,"Drama, Music, Romance ",8.1,
The Shop Around the Corner,(1940),Not Rated,99 min,"Comedy, Drama, Romance ",8.1,96
Rebecca,(1940),Approved,130 min,"Drama, Mystery, Romance ",8.1,86
Mr. Smith Goes to Washington,(1939),Passed,129 min,"Comedy, Drama ",8.1,73
Gone with the Wind,(1939),Passed,238 min,"Drama, History, Romance ",8.1,97
La Grande Illusion,(1937),Not Rated,113 min,"Drama, War ",8.1,
It Happened One Night,(1934),Approved,105 min,"Comedy, Romance ",8.1,87
The Passion of Joan of Arc,(1928),Passed,114 min,"Biography, Drama, History ",8.1,
The Circus,(1928),Passed,72 min,"Comedy, Romance ",8.1,90
Sunrise,(1927),Passed,94 min,"Drama, Romance ",8.1,
The General,(1926),Passed,67 min,"Action, Adventure, Comedy ",8.1,
The Cabinet of Dr. Caligari,(1920),Not Rated,67 min,"Fantasy, Horror, Mystery ",8.1,
Shoplifters,(2018),R,121 min,"Crime, Drama ",8.0,93
Badhaai Ho,(2018),Not Rated,124 min,"Comedy, Drama ",8.0,
Marriage Story,(2019),R,137 min,"Comedy, Drama, Romance ",8.0,94
Togo,(2019),PG,113 min,"Adventure, Biography, Drama ",8.0,69
Airlift,(2016),Not Rated,130 min,"Drama, History ",8.0,
Bajrangi Bhaijaan,(2015),Not Rated,163 min,"Action, Adventure, Comedy ",8.0,
Baby,(I) (2015),Not Rated,159 min,"Action, Thriller ",8.0,
La La Land,(2016),PG-13,128 min,"Comedy, Drama, Music ",8.0,94
Lion,(2016),PG-13,118 min,"Biography, Drama ",8.0,69
The Martian,(2015),PG-13,144 min,"Adventure, Drama, Sci-Fi ",8.0,80
Zootopia,(2016),PG,108 min,"Animation, Adventure, Comedy ",8.0,78
The Tale of The Princess Kaguya,(2013),PG,137 min,"Animation, Adventure, Drama ",8.0,89
Wonder,(I) (2017),PG,113 min,"Drama, Family ",8.0,66
Special 26,(2013),Not Rated,144 min,"Crime, Drama, Thriller ",8.0,
Short Term 12,(2013),R,96 min,Drama ,8.0,82
The Raid 2,(2014),R,150 min,"Action, Crime, Thriller ",8.0,71
The Imitation Game,(2014),PG-13,114 min,"Biography, Drama, Thriller ",8.0,73
Guardians of the Galaxy,(2014),PG-13,121 min,"Action, Adventure, Comedy ",8.0,76
Blade Runner 2049,(2017),R,164 min,"Action, Drama, Mystery ",8.0,81
Her,(2013),R,126 min,"Drama, Romance, Sci-Fi ",8.0,90
Bohemian Rhapsody,(2018),PG-13,134 min,"Biography, Drama, Music ",8.0,49
The Revenant,(2015),R,156 min,"Action, Adventure, Drama ",8.0,76
The Perks of Being a Wallflower,(2012),PG-13,103 min,"Drama, Romance ",8.0,67
Elite Squad 2: The Enemy Within,(2010),Not Rated,115 min,"Action, Crime, Drama ",8.0,71
The King's Speech,(2010),R,118 min,"Biography, Drama, History ",8.0,88
The Help,(2011),PG-13,146 min,Drama ,8.0,62
Deadpool,(2016),R,108 min,"Action, Adventure, Comedy ",8.0,65
Darbareye Elly,(2009),TV-PG,119 min,"Drama, Mystery, Thriller ",8.0,87
Dev.D,(2009),Not Rated,144 min,"Drama, Romance ",8.0,
Ip Man,(2008),R,106 min,"Action, Biography, Drama ",8.0,59
My Name Is Khan,(2010),PG-13,165 min,Drama ,8.0,50
The Breath,(2009),,128 min,"Action, Drama, Thriller ",8.0,
Slumdog Millionaire,(2008),R,120 min,"Drama, Romance ",8.0,84
Black Swan,(2010),R,108 min,"Drama, Thriller ",8.0,79
The Avengers,(2012),PG-13,143 min,"Action, Adventure, Sci-Fi ",8.0,69
Persepolis,(2007),PG-13,96 min,"Animation, Biography, Drama ",8.0,90
Dallas Buyers Club,(2013),R,117 min,"Biography, Drama ",8.0,80
The Pursuit of Happyness,(2006),PG-13,117 min,"Biography, Drama ",8.0,64
Blood Diamond,(2006),R,143 min,"Adventure, Drama, Thriller ",8.0,64
The Bourne Ultimatum,(2007),PG-13,115 min,"Action, Mystery, Thriller ",8.0,85
3-Iron,(2004),R,88 min,"Crime, Drama, Romance ",8.0,72
Sin City,(2005),R,124 min,"Crime, Thriller ",8.0,74
The Diving Bell and the Butterfly,(2007),PG-13,112 min,"Biography, Drama ",8.0,92
G.O.R.A.,(2004),,127 min,"Adventure, Comedy, Sci-Fi ",8.0,
Ratatouille,(2007),G,111 min,"Animation, Adventure, Comedy ",8.0,96
Casino Royale,(2006),PG-13,144 min,"Action, Adventure, Thriller ",8.0,80
Kill Bill: Vol. 2,(2004),R,137 min,"Action, Crime, Thriller ",8.0,83
The Return,(2003),Not Rated,110 min,Drama ,8.0,82
"Spring, Summer, Fall, Winter... and Spring",(2003),R,103 min,"Drama, Romance ",8.0,85
The Sea Inside,(I) (2004),PG-13,126 min,"Biography, Drama ",8.0,74
Cinderella Man,(2005),PG-13,144 min,"Biography, Drama, History ",8.0,69
Kal ho naa ho,(2003),Not Rated,186 min,"Comedy, Drama, Musical ",8.0,54
Infernal Affairs,(2002),R,101 min,"Action, Crime, Drama ",8.0,75
Pirates of the Caribbean: The Curse of the Black Pearl,(2003),PG-13,143 min,"Action, Adventure, Fantasy ",8.0,63
Big Fish,(2003),PG-13,125 min,"Adventure, Drama, Fantasy ",8.0,58
The Incredibles,(2004),PG,115 min,"Animation, Action, Adventure ",8.0,90
My Sassy Girl,(2001),Not Rated,137 min,"Comedy, Drama, Romance ",8.0,
Dogville,(2003),R,178 min,"Crime, Drama ",8.0,60
Vizontele,(2001),,110 min,"Comedy, Drama ",8.0,
Donnie Darko,(2001),R,113 min,"Drama, Mystery, Sci-Fi ",8.0,88
"Monsters, Inc.",(2001),G,92 min,"Animation, Adventure, Comedy ",8.0,79
Magnolia,(1999),R,188 min,Drama ,8.0,77
Dancer in the Dark,(2000),R,140 min,"Crime, Drama, Musical ",8.0,61
Mulholland Drive,(2001),R,147 min,"Drama, Mystery, Thriller ",8.0,85
The Straight Story,(1999),G,112 min,"Biography, Drama ",8.0,86
Perfect Blue,(1997),R,81 min,"Animation, Crime, Mystery ",8.0,
The Celebration,(1998),R,105 min,Drama ,8.0,82
Central Station,(1998),R,110 min,Drama ,8.0,80
The Iron Giant,(1999),PG,86 min,"Animation, Action, Adventure ",8.0,85
Knockin' on Heaven's Door,(1997),Not Rated,87 min,"Action, Crime, Comedy ",8.0,
Sling Blade,(1996),R,135 min,Drama ,8.0,84
Secrets & Lies,(1996),R,136 min,"Comedy, Drama ",8.0,91
12 Monkeys,(1995),R,129 min,"Mystery, Sci-Fi, Thriller ",8.0,74
Ghost in the Shell,(1995),TV-MA,83 min,"Animation, Action, Crime ",8.0,76
The Nightmare Before Christmas,(1993),PG,76 min,"Animation, Family, Fantasy ",8.0,82
Groundhog Day,(1993),PG,101 min,"Comedy, Fantasy, Romance ",8.0,72
"Blood In, Blood Out",(1993),R,180 min,"Crime, Drama ",8.0,47
Scent of a Woman,(1992),R,156 min,Drama ,8.0,59
Aladdin,(1992),G,90 min,"Animation, Adventure, Comedy ",8.0,86
JFK,(1991),R,189 min,"Drama, History, Thriller ",8.0,72
Beauty and the Beast,(1991),G,84 min,"Animation, Family, Fantasy ",8.0,95
Dances with Wolves,(1990),PG-13,181 min,"Adventure, Drama, Western ",8.0,72
Do the Right Thing,(1989),R,120 min,"Comedy, Drama ",8.0,93
Rain Man,(1988),R,133 min,Drama ,8.0,65
Akira,(1988),R,124 min,"Animation, Action, Sci-Fi ",8.0,
The Princess Bride,(1987),PG,98 min,"Adventure, Family, Fantasy ",8.0,77
Wings of Desire,(1987),PG-13,128 min,"Drama, Fantasy, Romance ",8.0,79
Au Revoir les Enfants,(1987),PG,104 min,"Drama, War ",8.0,88
Castle in the Sky,(1986),PG,125 min,"Animation, Adventure, Drama ",8.0,78
The Terminator,(1984),R,107 min,"Action, Sci-Fi ",8.0,84
Gandhi,(1982),PG,191 min,"Biography, Drama, History ",8.0,79
Kagemusha,(1980),PG,162 min,"Drama, History, War ",8.0,84
Being There,(1979),PG,130 min,"Comedy, Drama ",8.0,83
Annie Hall,(1977),PG,93 min,"Comedy, Romance ",8.0,92
All the President's Men,(1976),PG,138 min,"Biography, Drama, History ",8.0,84
Jaws,(1975),PG,124 min,"Adventure, Thriller ",8.0,87
Dog Day Afternoon,(1975),R,125 min,"Biography, Crime, Drama ",8.0,86
Young Frankenstein,(1974),PG,106 min,Comedy ,8.0,80
Papillon,(1973),R,151 min,"Biography, Crime, Drama ",8.0,58
The Exorcist,(1973),R,122 min,Horror ,8.0,81
Sleuth,(1972),PG,138 min,"Mystery, Thriller ",8.0,
The Last Picture Show,(1971),R,118 min,"Drama, Romance ",8.0,93
Fiddler on the Roof,(1971),G,181 min,"Drama, Family, Musical ",8.0,67
The Conformist,(1970),R,113 min,Drama ,8.0,100
Butch Cassidy and the Sundance Kid,(1969),PG,110 min,"Biography, Crime, Drama ",8.0,66
Rosemary's Baby,(1968),Approved,137 min,"Drama, Horror ",8.0,96
Planet of the Apes,(1968),G,112 min,"Adventure, Sci-Fi ",8.0,79
The Graduate,(1967),PG,106 min,"Comedy, Drama, Romance ",8.0,83
Who's Afraid of Virginia Woolf?,(1966),Not Rated,131 min,Drama ,8.0,75
The Sound of Music,(1965),G,172 min,"Biography, Drama, Family ",8.0,63
Doctor Zhivago,(1965),PG-13,197 min,"Drama, Romance, War ",8.0,69
A Fistful of Dollars,(1964),R,99 min,"Action, Drama, Western ",8.0,65
8½,(1963),Not Rated,138 min,Drama ,8.0,91
Vivre Sa Vie,(1962),Not Rated,85 min,Drama ,8.0,
The Hustler,(1961),Not Rated,134 min,"Drama, Sport ",8.0,90
La Dolce Vita,(1960),Not Rated,174 min,"Comedy, Drama ",8.0,95
Rio Bravo,(1959),Passed,141 min,"Action, Drama, Western ",8.0,93
Anatomy of a Murder,(1959),Not Rated,161 min,"Crime, Drama, Mystery ",8.0,95
Touch of Evil,(1958),PG-13,95 min,"Crime, Drama, Film-Noir ",8.0,99
Cat on a Hot Tin Roof,(1958),Not Rated,108 min,Drama ,8.0,84
The Killing,(1956),Approved,84 min,"Crime, Drama, Film-Noir ",8.0,91
The Night of the Hunter,(1955),Not Rated,92 min,"Crime, Drama, Film-Noir ",8.0,99
La Strada,(1954),Not Rated,108 min,Drama ,8.0,
Diabolique,(1955),Not Rated,117 min,"Crime, Drama, Horror ",8.0,
Stalag 17,(1953),Not Rated,120 min,"Comedy, Drama, War ",8.0,84
Roman Holiday,(1953),Not Rated,118 min,"Comedy, Romance ",8.0,78
A Streetcar Named Desire,(1951),PG,122 min,Drama ,8.0,97
In a Lonely Place,(1950),Not Rated,94 min,"Drama, Film-Noir, Mystery ",8.0,
Kind Hearts and Coronets,(1949),Not Rated,106 min,"Comedy, Crime ",8.0,
Rope,(1948),Approved,80 min,"Crime, Drama, Mystery ",8.0,73
Out of the Past,(1947),Not Rated,97 min,"Crime, Drama, Film-Noir ",8.0,
Brief Encounter,(1945),Not Rated,86 min,"Drama, Romance ",8.0,92
Laura,(1944),Passed,88 min,"Drama, Film-Noir, Mystery ",8.0,
The Best Years of Our Lives,(1946),Approved,170 min,"Drama, Romance, War ",8.0,93
Arsenic and Old Lace,(1944),Not Rated,118 min,"Comedy, Crime, Thriller ",8.0,
The Maltese Falcon,(1941),Not Rated,100 min,"Film-Noir, Mystery ",8.0,96
The Grapes of Wrath,(1940),Passed,129 min,"Drama, History ",8.0,96
The Wizard of Oz,(1939),PG,102 min,"Adventure, Family, Fantasy ",8.0,92
The Rules of the Game,(1939),Not Rated,110 min,"Comedy, Drama ",8.0,
The Thin Man,(1934),TV-PG,91 min,"Comedy, Crime, Mystery ",8.0,86
All Quiet on the Western Front,(1930),Passed,152 min,"Drama, War ",8.0,91
Battleship Potemkin,(1925),Not Rated,66 min,"Drama, History, Thriller ",8.0,97
Knives Out,(2019),PG-13,130 min,"Comedy, Crime, Drama ",7.9,82
Dil Bechara,(2020),,101 min,"Comedy, Drama, Romance ",7.9,
Call Me by Your Name,(2017),R,132 min,"Drama, Romance ",7.9,93
"I, Daniel Blake",(2016),R,100 min,Drama ,7.9,78
Isle of Dogs,(2018),PG-13,101 min,"Animation, Adventure, Comedy ",7.9,82
Dunkirk,(2017),PG-13,106 min,"Action, Drama, History ",7.9,94
Hunt for the Wilderpeople,(2016),PG-13,101 min,"Adventure, Comedy, Drama ",7.9,81
Captain Fantastic,(2016),R,118 min,"Comedy, Drama ",7.9,72
Sing Street,(2016),PG-13,106 min,"Comedy, Drama, Music ",7.9,79
Thor: Ragnarok,(2017),PG-13,130 min,"Action, Adventure, Comedy ",7.9,74
Nightcrawler,(2014),R,117 min,"Crime, Drama, Thriller ",7.9,76
Jojo Rabbit,(2019),PG-13,108 min,"Comedy, Drama, War ",7.9,58
Arrival,(II) (2016),PG-13,116 min,"Drama, Mystery, Sci-Fi ",7.9,81
Star Wars: Episode VII - The Force Awakens,(2015),PG-13,138 min,"Action, Adventure, Sci-Fi ",7.9,80
Before Midnight,(2013),R,109 min,"Drama, Romance ",7.9,94
X-Men: Days of Future Past,(2014),PG-13,132 min,"Action, Adventure, Sci-Fi ",7.9,75
Once Upon a Time in Anatolia,(2011),Not Rated,157 min,"Crime, Drama ",7.9,82
The Artist,(I) (2011),PG-13,100 min,"Comedy, Drama, Romance ",7.9,89
Edge of Tomorrow,(2014),PG-13,113 min,"Action, Adventure, Sci-Fi ",7.9,71
Amour,(2012),PG-13,127 min,"Drama, Romance ",7.9,94
The Irishman,(2019),R,209 min,"Biography, Crime, Drama ",7.9,94
A Prophet,(2009),R,155 min,"Crime, Drama ",7.9,90
Moon,(2009),R,97 min,"Drama, Mystery, Sci-Fi ",7.9,67
Let the Right One In,(2008),R,114 min,"Crime, Drama, Fantasy ",7.9,82
District 9,(2009),R,112 min,"Action, Sci-Fi, Thriller ",7.9,81
The Wrestler,(2008),R,109 min,"Drama, Sport ",7.9,80
Jab We Met,(2007),Not Rated,138 min,"Comedy, Drama, Romance ",7.9,
The Trial of the Chicago 7,(2020),R,129 min,"Drama, History, Thriller ",7.9,76
Boyhood,(I) (2014),R,165 min,Drama ,7.9,100
"4 Months, 3 Weeks and 2 Days",(2007),Not Rated,113 min,Drama ,7.9,97
Star Trek,(2009),PG-13,127 min,"Action, Adventure, Sci-Fi ",7.9,82
In Bruges,(2008),R,107 min,"Comedy, Crime, Drama ",7.9,67
The Man from Earth,(2007),Not Rated,87 min,"Drama, Fantasy, Sci-Fi ",7.9,
Letters from Iwo Jima,(2006),R,141 min,"Action, Adventure, Drama ",7.9,89
The Fall,(2006),R,117 min,"Adventure, Drama, Fantasy ",7.9,64
Life of Pi,(2012),PG,127 min,"Adventure, Drama, Fantasy ",7.9,79
Fantastic Mr. Fox,(2009),PG,87 min,"Animation, Adventure, Comedy ",7.9,83
C.R.A.Z.Y.,(2005),Not Rated,129 min,"Comedy, Drama ",7.9,81
The Chorus,(2004),PG-13,97 min,"Drama, Music ",7.9,56
Iron Man,(2008),PG-13,126 min,"Action, Adventure, Sci-Fi ",7.9,79
Shaun of the Dead,(2004),R,99 min,"Comedy, Horror ",7.9,76
Head-On,(2004),R,121 min,"Drama, Romance ",7.9,78
Mystic River,(2003),R,138 min,"Crime, Drama, Mystery ",7.9,84
Harry Potter and the Prisoner of Azkaban,(2004),PG,142 min,"Adventure, Family, Fantasy ",7.9,82
Hero,(2002),PG-13,120 min,"Action, Adventure, History ",7.9,85
Talk to Her,(2002),R,112 min,"Drama, Mystery, Romance ",7.9,86
No Man's Land,(I) (2001),R,98 min,"Comedy, Drama, War ",7.9,84
Cowboy Bebop: The Movie,(2001),,115 min,"Animation, Action, Crime ",7.9,61
The Bourne Identity,(2002),PG-13,119 min,"Action, Mystery, Thriller ",7.9,68
Nine Queens,(2000),R,114 min,"Crime, Drama, Thriller ",7.9,80
Children of Men,(2006),R,109 min,"Adventure, Drama, Sci-Fi ",7.9,84
Almost Famous,(2000),R,122 min,"Adventure, Comedy, Drama ",7.9,90
Toy Story 2,(1999),G,92 min,"Animation, Adventure, Comedy ",7.9,88
Boogie Nights,(1997),R,155 min,Drama ,7.9,85
Whisper of the Heart,(1995),G,111 min,"Animation, Drama, Family ",7.9,75
Once Were Warriors,(1994),R,102 min,"Crime, Drama ",7.9,77
True Romance,(1993),R,119 min,"Crime, Drama, Romance ",7.9,59
Three Colors: Blue,(1993),R,94 min,"Drama, Music, Mystery ",7.9,85
Ninja Scroll,(1993),Not Rated,94 min,"Animation, Action, Adventure ",7.9,
Carlito's Way,(1993),R,144 min,"Crime, Drama, Thriller ",7.9,65
Edward Scissorhands,(1990),PG-13,105 min,"Drama, Fantasy, Romance ",7.9,74
My Left Foot,(1989),R,103 min,"Biography, Drama ",7.9,97
Crimes and Misdemeanors,(1989),PG-13,104 min,"Comedy, Drama ",7.9,77
The Untouchables,(1987),R,119 min,"Crime, Drama, Thriller ",7.9,79
Hannah and Her Sisters,(1986),PG-13,107 min,"Comedy, Drama ",7.9,90
Brazil,(1985),R,132 min,"Drama, Sci-Fi ",7.9,84
This Is Spinal Tap,(1984),R,82 min,"Comedy, Music ",7.9,92
A Christmas Story,(1983),PG,93 min,"Comedy, Family ",7.9,77
The Blues Brothers,(1980),R,133 min,"Action, Adventure, Comedy ",7.9,60
Manhattan,(1979),R,96 min,"Comedy, Drama, Romance ",7.9,83
All That Jazz,(1979),R,123 min,"Drama, Music, Musical ",7.9,72
Dawn of the Dead,(1978),Unrated,127 min,"Action, Adventure, Horror ",7.9,71
The Holy Mountain,(1973),R,114 min,"Adventure, Drama, Fantasy ",7.9,76
Amarcord,(1973),R,123 min,"Comedy, Drama ",7.9,
The Discreet Charm of the Bourgeoisie,(1972),PG,102 min,Comedy ,7.9,93
"Aguirre, the Wrath of God",(1972),Not Rated,95 min,"Action, Adventure, Biography ",7.9,
Harold and Maude,(1971),PG,91 min,"Comedy, Drama, Romance ",7.9,62
Patton,(1970),GP,172 min,"Biography, Drama, War ",7.9,91
The Wild Bunch,(1969),R,135 min,"Action, Adventure, Western ",7.9,97
Night of the Living Dead,(1968),Not Rated,96 min,"Horror, Thriller ",7.9,89
The Lion in Winter,(1968),PG,134 min,"Biography, Drama, History ",7.9,
In the Heat of the Night,(1967),Not Rated,110 min,"Crime, Drama, Mystery ",7.9,75
Charade,(1963),Passed,113 min,"Comedy, Mystery, Romance ",7.9,83
The Manchurian Candidate,(1962),PG-13,126 min,"Drama, Thriller ",7.9,94
Spartacus,(1960),PG-13,197 min,"Adventure, Biography, Drama ",7.9,87
L'Avventura,(1960),Not Rated,144 min,"Drama, Mystery ",7.9,
Hiroshima Mon Amour,(1959),Not Rated,90 min,"Drama, Romance ",7.9,
The Ten Commandments,(1956),G,220 min,"Adventure, Drama ",7.9,
The Searchers,(1956),Passed,119 min,"Adventure, Drama, Western ",7.9,94
East of Eden,(1955),PG,118 min,Drama ,7.9,72
High Noon,(1952),PG,85 min,"Drama, Thriller, Western ",7.9,89
Strangers on a Train,(1951),PG,101 min,"Crime, Film-Noir, Thriller ",7.9,88
Harvey,(1950),Approved,104 min,"Comedy, Drama, Fantasy ",7.9,
Miracle on 34th Street,(1947),Not Rated,96 min,"Comedy, Drama, Family ",7.9,88
Notorious,(1946),Not Rated,102 min,"Drama, Film-Noir, Romance ",7.9,100
The Big Sleep,(1946),Not Rated,114 min,"Crime, Film-Noir, Mystery ",7.9,
The Lost Weekend,(1945),Passed,101 min,"Drama, Film-Noir ",7.9,
The Philadelphia Story,(1940),Not Rated,112 min,"Comedy, Romance ",7.9,96
His Girl Friday,(1940),Passed,92 min,"Comedy, Drama, Romance ",7.9,
Bringing Up Baby,(1938),Passed,102 min,"Comedy, Family, Romance ",7.9,91
The Adventures of Robin Hood,(1938),PG,102 min,"Action, Adventure, Romance ",7.9,97
A Night at the Opera,(1935),Passed,96 min,"Comedy, Music, Musical ",7.9,
King Kong,(1933),Passed,100 min,"Adventure, Horror, Sci-Fi ",7.9,90
Freaks,(1932),Not Rated,64 min,"Drama, Horror ",7.9,80
Nosferatu,(1922),Not Rated,94 min,"Fantasy, Horror ",7.9,
The Gentlemen,(2019),R,113 min,"Action, Comedy, Crime ",7.8,51
Tenet,(2020),PG-13,150 min,"Action, Sci-Fi ",7.8,69
The Salesman,(2016),PG-13,124 min,"Drama, Thriller ",7.8,85
Perfect Strangers,(2016),,96 min,"Comedy, Drama ",7.8,
Hidden Figures,(2016),PG,127 min,"Biography, Drama, History ",7.8,74
Paddington 2,(2017),PG,103 min,"Adventure, Comedy, Family ",7.8,88
Udta Punjab,(2016),TV-MA,148 min,"Action, Crime, Drama ",7.8,
Kubo and the Two Strings,(2016),PG,101 min,"Animation, Action, Adventure ",7.8,84
M.S. Dhoni: The Untold Story,(2016),Not Rated,184 min,"Biography, Drama, Sport ",7.8,
Manchester by the Sea,(2016),R,137 min,Drama ,7.8,96
Land of Mine,(2015),R,100 min,"Drama, History, War ",7.8,75
Rogue One: A Star Wars Story,(2016),PG-13,133 min,"Action, Adventure, Sci-Fi ",7.8,65
Captain America: Civil War,(2016),PG-13,147 min,"Action, Adventure, Sci-Fi ",7.8,75
The Hateful Eight,(2015),R,168 min,"Crime, Drama, Mystery ",7.8,68
Little Women,(2019),PG,135 min,"Drama, Romance ",7.8,91
Loving Vincent,(2017),PG-13,94 min,"Animation, Biography, Crime ",7.8,62
Pride,(I) (2014),R,119 min,"Biography, Comedy, Drama ",7.8,79
The Past,(2013),PG-13,130 min,"Drama, Mystery ",7.8,85
The Great Beauty,(2013),Not Rated,141 min,Drama ,7.8,86
The Lunchbox,(2013),PG,104 min,"Drama, Romance ",7.8,76
Vicky Donor,(2012),Not Rated,126 min,"Comedy, Romance ",7.8,
Big Hero 6,(2014),PG,102 min,"Animation, Action, Adventure ",7.8,74
About Time,(I) (2013),R,123 min,"Comedy, Drama, Fantasy ",7.8,55
English Vinglish,(2012),Not Rated,134 min,"Comedy, Drama, Family ",7.8,
The Broken Circle Breakdown,(2012),Not Rated,111 min,"Drama, Music, Romance ",7.8,70
The Wind Rises,(2013),PG-13,126 min,"Animation, Biography, Drama ",7.8,83
Toy Story 4,(2019),G,100 min,"Animation, Adventure, Comedy ",7.8,84
The Best Offer,(2013),R,131 min,"Crime, Drama, Mystery ",7.8,49
Moonrise Kingdom,(2012),PG-13,94 min,"Comedy, Drama, Romance ",7.8,84
How to Train Your Dragon 2,(2014),PG,102 min,"Animation, Action, Adventure ",7.8,76
The Big Short,(2015),R,130 min,"Biography, Comedy, Drama ",7.8,81
Confessions,(2010),Not Rated,106 min,"Drama, Thriller ",7.8,
I Saw the Devil,(2010),Not Rated,144 min,"Action, Crime, Drama ",7.8,67
The Girl with the Dragon Tattoo,(2011),R,158 min,"Crime, Drama, Mystery ",7.8,71
Captain Phillips,(2013),PG-13,134 min,"Adventure, Biography, Crime ",7.8,82
The Man from Nowhere,(2010),R,119 min,"Action, Crime, Drama ",7.8,
Straight Outta Compton,(2015),R,147 min,"Biography, Drama, History ",7.8,72
Mother,(2009),R,129 min,"Crime, Drama, Mystery ",7.8,79
The Chaser,(2008),Not Rated,125 min,"Action, Crime, Thriller ",7.8,64
The Hobbit: The Desolation of Smaug,(2013),PG-13,161 min,"Adventure, Fantasy ",7.8,66
The White Ribbon,(2009),R,144 min,"Drama, History, Mystery ",7.8,82
The Girl with the Dragon Tattoo,(2009),R,152 min,"Crime, Drama, Mystery ",7.8,76
The Fighter,(I) (2010),R,116 min,"Biography, Drama, Sport ",7.8,79
Taken,(I) (2008),PG-13,90 min,"Action, Thriller ",7.8,51
The Boy in the Striped Pajamas,(2008),PG-13,94 min,"Drama, War ",7.8,55
Once,(I) (2007),R,86 min,"Drama, Music, Romance ",7.8,88
The Hobbit: An Unexpected Journey,(2012),PG-13,169 min,"Adventure, Fantasy ",7.8,58
The Edge of Heaven,(2007),Not Rated,122 min,Drama ,7.8,85
Atonement,(2007),R,123 min,"Drama, Mystery, Romance ",7.8,85
Drive,(I) (2011),R,100 min,"Crime, Drama ",7.8,78
American Gangster,(2007),R,157 min,"Biography, Crime, Drama ",7.8,76
Avatar,(2009),PG-13,162 min,"Action, Adventure, Fantasy ",7.8,83
Mr. Nobody,(2009),R,141 min,"Drama, Fantasy, Romance ",7.8,63
Apocalypto,(2006),R,139 min,"Action, Adventure, Drama ",7.8,68
Little Miss Sunshine,(2006),R,101 min,"Comedy, Drama ",7.8,80
Hot Fuzz,(2007),R,121 min,"Action, Comedy, Mystery ",7.8,81
The Curious Case of Benjamin Button,(2008),PG-13,166 min,"Drama, Fantasy, Romance ",7.8,70
Veer-Zaara,(2004),Not Rated,192 min,"Drama, Family, Musical ",7.8,67
Adam's Apples,(2005),R,94 min,"Comedy, Crime, Drama ",7.8,51
Pride & Prejudice,(2005),PG,129 min,"Drama, Romance ",7.8,82
The World's Fastest Indian,(2005),PG-13,127 min,"Biography, Drama, Sport ",7.8,68
Tokyo Godfathers,(2003),PG-13,92 min,"Animation, Adventure, Comedy ",7.8,73
Serenity,(2005),PG-13,119 min,"Action, Adventure, Sci-Fi ",7.8,74
Walk the Line,(2005),PG-13,136 min,"Biography, Drama, Music ",7.8,72
Evil,(2003),Not Rated,113 min,Drama ,7.8,61
The Notebook,(2004),PG-13,123 min,"Drama, Romance ",7.8,53
The Motorcycle Diaries,(2004),R,126 min,"Adventure, Biography, Drama ",7.8,75
Lilya 4-Ever,(2002),R,109 min,"Crime, Drama ",7.8,82
The Triplets of Belleville,(2003),PG-13,80 min,"Animation, Comedy, Drama ",7.8,91
Joint Security Area,(2000),Not Rated,110 min,"Action, Drama, Thriller ",7.8,58
The Count of Monte Cristo,(2002),PG-13,131 min,"Action, Adventure, Drama ",7.8,61
Waking Life,(2001),R,99 min,"Animation, Drama, Fantasy ",7.8,83
Remember the Titans,(2000),PG,113 min,"Biography, Drama, Sport ",7.8,48
"Crouching Tiger, Hidden Dragon",(2000),PG-13,120 min,"Action, Adventure, Fantasy ",7.8,94
All About My Mother,(1999),R,101 min,Drama ,7.8,87
Cast Away,(2000),PG-13,143 min,"Adventure, Drama, Romance ",7.8,73
The Boondock Saints,(1999),R,108 min,"Action, Crime, Thriller ",7.8,44
The Insider,(1999),R,157 min,"Biography, Drama, Thriller ",7.8,84
October Sky,(1999),PG,108 min,"Biography, Drama, Family ",7.8,71
Shrek,(2001),PG,90 min,"Animation, Adventure, Comedy ",7.8,84
Titanic,(1997),PG-13,194 min,"Drama, Romance ",7.8,75
Fireworks,(1997),,103 min,"Crime, Drama, Romance ",7.8,
Gattaca,(1997),PG-13,106 min,"Drama, Sci-Fi, Thriller ",7.8,64
The Game,(1997),R,129 min,"Action, Drama, Mystery ",7.8,61
Breaking the Waves,(1996),R,159 min,Drama ,7.8,76
Ed Wood,(1994),R,127 min,"Biography, Comedy, Drama ",7.8,70
What's Eating Gilbert Grape,(1993),PG-13,118 min,Drama ,7.8,73
Tombstone,(1993),R,130 min,"Action, Biography, Drama ",7.8,50
The Sandlot,(1993),PG,101 min,"Comedy, Drama, Family ",7.8,55
The Remains of the Day,(1993),PG,134 min,"Drama, Romance ",7.8,84
Naked,(1993),Not Rated,132 min,"Comedy, Drama ",7.8,84
The Fugitive,(1993),PG-13,130 min,"Action, Crime, Drama ",7.8,87
A Bronx Tale,(1993),R,121 min,"Crime, Drama, Romance ",7.8,80
Batman: Mask of the Phantasm,(1993),PG,76 min,"Animation, Action, Crime ",7.8,
Hard Boiled,(1992),R,128 min,"Action, Crime, Thriller ",7.8,
Night on Earth,(1991),R,129 min,"Comedy, Drama ",7.8,68
The Double Life of Véronique,(1991),R,98 min,"Drama, Fantasy, Music ",7.8,86
Boyz n the Hood,(1991),R,112 min,"Crime, Drama ",7.8,76
Misery,(1990),R,107 min,"Drama, Thriller ",7.8,75
Awakenings,(1990),PG-13,121 min,"Biography, Drama ",7.8,74
Kiki's Delivery Service,(1989),G,103 min,"Animation, Adventure, Drama ",7.8,83
Glory,(1989),R,122 min,"Biography, Drama, History ",7.8,78
The Killer,(1989),R,111 min,"Action, Crime, Drama ",7.8,82
Back to the Future Part II,(1989),PG,108 min,"Adventure, Comedy, Sci-Fi ",7.8,57
Mississippi Burning,(1988),R,128 min,"Crime, Drama, History ",7.8,65
Predator,(1987),R,107 min,"Action, Adventure, Sci-Fi ",7.8,45
Evil Dead II,(1987),R,84 min,"Action, Comedy, Fantasy ",7.8,72
Ferris Bueller's Day Off,(1986),PG-13,103 min,Comedy ,7.8,61
Down by Law,(1986),R,107 min,"Comedy, Crime, Drama ",7.8,75
The Goonies,(1985),PG,114 min,"Adventure, Comedy, Family ",7.8,62
The Color Purple,(1985),PG-13,154 min,Drama ,7.8,78
The Breakfast Club,(1985),R,97 min,"Comedy, Drama ",7.8,66
The Killing Fields,(1984),R,141 min,"Biography, Drama, History ",7.8,76
Ghostbusters,(1984),PG,105 min,"Action, Comedy, Fantasy ",7.8,71
The Right Stuff,(1983),PG,193 min,"Adventure, Biography, Drama ",7.8,91
The King of Comedy,(1982),PG,109 min,"Comedy, Crime, Drama ",7.8,73
E.T. the Extra-Terrestrial,(1982),PG,115 min,"Family, Sci-Fi ",7.8,91
Kramer vs. Kramer,(1979),PG,105 min,Drama ,7.8,77
Halloween,(1978),R,91 min,"Horror, Thriller ",7.8,87
Days of Heaven,(1978),PG,94 min,"Drama, Romance ",7.8,93
The Outlaw Josey Wales,(1976),PG,135 min,Western ,7.8,69
The Man Who Would Be King,(1975),PG,129 min,"Adventure, History, War ",7.8,91
The Conversation,(1974),PG,113 min,"Drama, Mystery, Thriller ",7.8,85
The Day of the Jackal,(1973),PG,143 min,"Crime, Drama, Thriller ",7.8,80
Badlands,(1973),PG,94 min,"Action, Crime, Drama ",7.8,93
Cabaret,(1972),PG,124 min,"Drama, Music, Musical ",7.8,80
Willy Wonka & the Chocolate Factory,(1971),G,100 min,"Family, Fantasy, Musical ",7.8,67
Midnight Cowboy,(1969),R,113 min,Drama ,7.8,79
Wait Until Dark,(1967),Not Rated,108 min,Thriller ,7.8,81
Guess Who's Coming to Dinner,(1967),Not Rated,108 min,"Comedy, Drama ",7.8,63
Bonnie and Clyde,(1967),R,111 min,"Action, Biography, Crime ",7.8,86
My Fair Lady,(1964),G,170 min,"Drama, Family, Musical ",7.8,95
Mary Poppins,(1964),G,139 min,"Comedy, Family, Fantasy ",7.8,88
The Longest Day,(1962),G,178 min,"Action, Drama, History ",7.8,75
Jules and Jim,(1962),Not Rated,105 min,"Drama, Romance ",7.8,97
The Innocents,(1961),Not Rated,100 min,Horror ,7.8,88
Breathless,(1960),Not Rated,90 min,"Crime, Drama ",7.8,
Red River,(1948),Passed,133 min,"Action, Adventure, Drama ",7.8,
Key Largo,(1948),Not Rated,100 min,"Action, Crime, Drama ",7.8,
To Have and Have Not,(1944),Passed,100 min,"Adventure, Comedy, Film-Noir ",7.8,
Shadow of a Doubt,(1943),PG,108 min,"Film-Noir, Thriller ",7.8,94
Stagecoach,(1939),Passed,96 min,"Adventure, Drama, Western ",7.8,93
The Lady Vanishes,(1938),Not Rated,96 min,"Mystery, Thriller ",7.8,
The Bride of Frankenstein,(1935),Not Rated,75 min,"Drama, Horror, Sci-Fi ",7.8,95
Duck Soup,(1933),Not Rated,69 min,"Comedy, Musical, War ",7.8,93
Frankenstein,(1931),Passed,70 min,"Drama, Horror, Sci-Fi ",7.8,91
Roma,(2018),R,135 min,Drama ,7.7,96
Deadpool 2,(2018),R,119 min,"Action, Adventure, Comedy ",7.7,66
Wind River,(2017),R,107 min,"Crime, Drama, Mystery ",7.7,73
Get Out,(I) (2017),R,104 min,"Horror, Mystery, Thriller ",7.7,85
Mission: Impossible - Fallout,(2018),PG-13,147 min,"Action, Adventure, Thriller ",7.7,86
A Man Called Ove,(2015),PG-13,116 min,"Comedy, Drama, Romance ",7.7,70
What We Do in the Shadows,(2014),R,86 min,"Comedy, Horror ",7.7,76
When Marnie Was There,(2014),PG,103 min,"Animation, Drama, Family ",7.7,72
The Theory of Everything,(2014),PG-13,123 min,"Biography, Drama, Romance ",7.7,72
Kingsman: The Secret Service,(2014),R,129 min,"Action, Adventure, Comedy ",7.7,60
The Fault in Our Stars,(2014),PG-13,126 min,"Drama, Romance ",7.7,69
Me and Earl and the Dying Girl,(2015),PG-13,105 min,"Comedy, Drama ",7.7,74
Birdman or (The Unexpected Virtue of Ignorance),(2014),R,119 min,"Comedy, Drama ",7.7,87
Blue Is the Warmest Colour,(2013),NC-17,180 min,"Drama, Romance ",7.7,89
Kai Po Che,(2013),Not Rated,120 min,"Drama, Sport ",7.7,40
Captain America: The Winter Soldier,(2014),PG-13,136 min,"Action, Adventure, Sci-Fi ",7.7,70
Rockstar,(2011),Not Rated,159 min,"Drama, Music, Musical ",7.7,
Nebraska,(2013),R,115 min,"Adventure, Comedy, Drama ",7.7,87
Wreck-It Ralph,(2012),PG,101 min,"Animation, Adventure, Comedy ",7.7,72
The Little Prince,(2015),PG,108 min,"Animation, Adventure, Drama ",7.7,70
Detachment,(2011),Not Rated,98 min,Drama ,7.7,52
Midnight in Paris,(2011),PG-13,94 min,"Comedy, Fantasy, Romance ",7.7,81
The Lego Movie,(2014),PG,100 min,"Animation, Action, Adventure ",7.7,83
Gravity,(2013),PG-13,91 min,"Drama, Sci-Fi, Thriller ",7.7,96
Star Trek Into Darkness,(2013),PG-13,132 min,"Action, Adventure, Sci-Fi ",7.7,72
Beasts of No Nation,(2015),Not Rated,137 min,"Drama, War ",7.7,79
The Social Network,(2010),PG-13,120 min,"Biography, Drama ",7.7,95
X-Men: First Class,(2011),PG-13,131 min,"Action, Adventure, Sci-Fi ",7.7,65
The Hangover,(2009),R,100 min,Comedy ,7.7,73
Skyfall,(2012),PG-13,143 min,"Action, Adventure, Thriller ",7.7,81
Silver Linings Playbook,(2012),R,122 min,"Comedy, Drama, Romance ",7.7,81
Argo,(2012),R,120 min,"Biography, Drama, Thriller ",7.7,86
500 Days of Summer,(2009),PG-13,95 min,"Comedy, Drama, Romance ",7.7,76
Harry Potter and the Deathly Hallows: Part 1,(2010),PG-13,146 min,"Adventure, Family, Fantasy ",7.7,65
Ponyo,(2008),G,101 min,"Animation, Adventure, Comedy ",7.7,86
Frost/Nixon,(2008),R,122 min,"Biography, Drama, History ",7.7,80
Paprika,(2006),R,90 min,"Animation, Drama, Fantasy ",7.7,81
Changeling,(2008),R,141 min,"Biography, Crime, Drama ",7.7,63
Flipped,(I) (2010),PG,90 min,"Comedy, Drama, Romance ",7.7,45
The Girl Who Leapt Through Time,(2006),TV-PG,98 min,"Animation, Adventure, Comedy ",7.7,
Death Note,(2006),Not Rated,126 min,"Crime, Drama, Fantasy ",7.7,
This Is England,(2006),Not Rated,101 min,"Crime, Drama ",7.7,86
Ex Machina,(2014),R,108 min,"Drama, Sci-Fi, Thriller ",7.7,78
After the Wedding,(2006),R,120 min,Drama ,7.7,78
The Last King of Scotland,(2006),R,123 min,"Biography, Drama, History ",7.7,74
Zodiac,(2007),R,157 min,"Crime, Drama, Mystery ",7.7,78
Lucky Number Slevin,(2006),R,110 min,"Action, Crime, Drama ",7.7,53
Joyeux Noel,(2005),PG-13,116 min,"Drama, History, Music ",7.7,70
Control,(2007),R,122 min,"Biography, Drama, Music ",7.7,78
Tangled,(2010),PG,100 min,"Animation, Adventure, Comedy ",7.7,71
Black Book,(2006),R,145 min,"Drama, Thriller, War ",7.7,71
Brokeback Mountain,(2005),R,134 min,"Drama, Romance ",7.7,87
3:10 to Yuma,(2007),R,122 min,"Action, Crime, Drama ",7.7,76
Crash,(I) (2004),R,112 min,"Crime, Drama, Thriller ",7.7,66
Kung Fu Hustle,(2004),R,99 min,"Action, Comedy, Fantasy ",7.7,78
The Bourne Supremacy,(2004),PG-13,108 min,"Action, Mystery, Thriller ",7.7,73
The Machinist,(2004),R,101 min,"Drama, Thriller ",7.7,61
Ray,(I) (2004),PG-13,152 min,"Biography, Drama, Music ",7.7,73
Lost in Translation,(2003),R,102 min,"Comedy, Drama ",7.7,89
Harry Potter and the Goblet of Fire,(2005),PG-13,157 min,"Adventure, Family, Fantasy ",7.7,81
Man on Fire,(2004),R,146 min,"Action, Crime, Drama ",7.7,47
Coraline,(2009),PG,100 min,"Animation, Drama, Family ",7.7,80
The Last Samurai,(2003),R,154 min,"Action, Drama ",7.7,55
The Magdalene Sisters,(2002),R,114 min,Drama ,7.7,83
Finding Neverland,(2004),PG,106 min,"Biography, Drama, Family ",7.7,67
Good Bye Lenin!,(2003),R,121 min,"Comedy, Drama, Romance ",7.7,68
In America,(2002),PG-13,105 min,Drama ,7.7,76
I Am Sam,(2001),PG-13,132 min,Drama ,7.7,28
Adaptation.,(2002),R,115 min,"Comedy, Drama ",7.7,83
Black Hawk Down,(2001),R,144 min,"Drama, History, War ",7.7,74
Road to Perdition,(2002),R,117 min,"Crime, Drama, Thriller ",7.7,72
The Experiment,(2001),R,120 min,"Drama, Thriller ",7.7,60
Billy Elliot,(2000),R,110 min,"Drama, Music ",7.7,74
Hedwig and the Angry Inch,(2001),R,95 min,"Comedy, Drama, Music ",7.7,85
Ocean's Eleven,(2001),PG-13,116 min,"Crime, Thriller ",7.7,74
Vampire Hunter D: Bloodlust,(2000),R,103 min,"Animation, Action, Fantasy ",7.7,62
"O Brother, Where Art Thou?",(2000),PG-13,107 min,"Adventure, Comedy, Crime ",7.7,69
Interstate 60: Episodes of the Road,(2002),R,116 min,"Adventure, Comedy, Drama ",7.7,
"South Park: Bigger, Longer & Uncut",(1999),R,81 min,"Animation, Comedy, Fantasy ",7.7,73
Office Space,(1999),R,89 min,Comedy ,7.7,68
Happiness,(1998),Unrated,134 min,"Comedy, Drama ",7.7,81
Training Day,(2001),R,122 min,"Crime, Drama, Thriller ",7.7,69
Rushmore,(1998),R,93 min,"Comedy, Drama, Romance ",7.7,86
Open Your Eyes,(1997),R,119 min,"Drama, Mystery, Sci-Fi ",7.7,
Being John Malkovich,(1999),R,113 min,"Comedy, Drama, Fantasy ",7.7,90
As Good as It Gets,(1997),PG-13,139 min,"Comedy, Drama, Romance ",7.7,67
The Fifth Element,(1997),PG-13,126 min,"Action, Adventure, Sci-Fi ",7.7,52
Le Dîner de Cons,(1998),PG-13,80 min,Comedy ,7.7,73
Donnie Brasco,(1997),R,127 min,"Biography, Crime, Drama ",7.7,76
Shine,(1996),PG-13,105 min,"Biography, Drama, Music ",7.7,87
Primal Fear,(1996),R,129 min,"Crime, Drama, Mystery ",7.7,47
Hamlet,(1996),PG-13,242 min,Drama ,7.7,
A Little Princess,(1995),G,97 min,"Drama, Family, Fantasy ",7.7,83
Fallen Angels,(1995),R,99 min,"Comedy, Crime, Drama ",7.7,71
Il Postino,(1994),PG,108 min,"Biography, Comedy, Drama ",7.7,81
Clerks,(1994),R,92 min,Comedy ,7.7,70
Short Cuts,(1993),R,188 min,"Comedy, Drama ",7.7,79
Philadelphia,(1993),PG-13,125 min,Drama ,7.7,66
The Muppet Christmas Carol,(1992),G,85 min,"Comedy, Drama, Family ",7.7,64
Malcolm X,(1992),PG-13,202 min,"Biography, Drama, History ",7.7,73
The Last of the Mohicans,(1992),R,112 min,"Action, Adventure, Drama ",7.7,76
Porco Rosso,(1992),PG,94 min,"Animation, Adventure, Comedy ",7.7,83
Glengarry Glen Ross,(1992),R,100 min,"Crime, Drama, Mystery ",7.7,82
A Few Good Men,(1992),R,138 min,"Drama, Thriller ",7.7,62
Fried Green Tomatoes,(1991),PG-13,130 min,Drama ,7.7,64
Barton Fink,(1991),R,116 min,"Comedy, Drama, Thriller ",7.7,69
Miller's Crossing,(1990),R,115 min,"Crime, Drama, Thriller ",7.7,66
Who Framed Roger Rabbit,(1988),PG,104 min,"Animation, Adventure, Comedy ",7.7,83
The Vanishing,(1988),Not Rated,107 min,"Mystery, Thriller ",7.7,
Withnail & I,(1987),R,107 min,"Comedy, Drama ",7.7,84
The Last Emperor,(1987),PG-13,163 min,"Biography, Drama, History ",7.7,76
Empire of the Sun,(1987),PG,153 min,"Action, Drama, History ",7.7,62
The Name of the Rose,(1986),R,130 min,"Crime, Drama, Mystery ",7.7,54
Blue Velvet,(1986),R,120 min,"Drama, Mystery, Thriller ",7.7,76
The Purple Rose of Cairo,(1985),PG,82 min,"Comedy, Fantasy, Romance ",7.7,75
After Hours,(1985),R,97 min,"Comedy, Crime, Drama ",7.7,90
Zelig,(1983),PG,79 min,Comedy ,7.7,
The Verdict,(1982),R,129 min,Drama ,7.7,77
Star Trek II: The Wrath of Khan,(1982),PG,113 min,"Action, Adventure, Sci-Fi ",7.7,67
First Blood,(1982),R,93 min,"Action, Adventure ",7.7,61
Ordinary People,(1980),R,124 min,Drama ,7.7,86
Airplane!,(1980),PG,88 min,Comedy ,7.7,78
Lupin the 3rd: Castle of Cagliostro,(1979),PG-13,102 min,"Animation, Adventure, Family ",7.7,71
The Tenant,(1976),R,126 min,"Drama, Thriller ",7.7,71
Love and Death,(1975),PG,85 min,"Comedy, War ",7.7,89
The Taking of Pelham One Two Three,(1974),R,104 min,"Action, Crime, Thriller ",7.7,68
Blazing Saddles,(1974),R,93 min,"Comedy, Western ",7.7,73
Serpico,(1973),R,130 min,"Biography, Crime, Drama ",7.7,87
Enter the Dragon,(1973),R,102 min,"Action, Crime, Drama ",7.7,83
Deliverance,(1972),R,109 min,"Adventure, Drama, Thriller ",7.7,80
The French Connection,(1971),R,104 min,"Action, Crime, Drama ",7.7,94
Dirty Harry,(1971),R,102 min,"Action, Crime, Thriller ",7.7,90
Where Eagles Dare,(1968),M,158 min,"Action, Adventure, War ",7.7,63
The Odd Couple,(1968),G,105 min,Comedy ,7.7,86
The Dirty Dozen,(1967),Not Rated,150 min,"Action, Adventure, War ",7.7,73
Belle de Jour,(1967),R,100 min,"Drama, Romance ",7.7,
A Man for All Seasons,(1966),G,120 min,"Biography, Drama, History ",7.7,72
Repulsion,(1965),Not Rated,105 min,"Drama, Horror, Thriller ",7.7,91
Zulu,(1964),Not Rated,138 min,"Drama, History, War ",7.7,77
Goldfinger,(1964),PG,110 min,"Action, Adventure, Thriller ",7.7,87
The Birds,(1963),PG-13,119 min,"Drama, Horror, Mystery ",7.7,90
Cape Fear,(1962),Passed,106 min,"Drama, Thriller ",7.7,76
Peeping Tom,(1960),Not Rated,101 min,"Drama, Horror, Thriller ",7.7,
The Magnificent Seven,(1960),Approved,128 min,"Action, Adventure, Western ",7.7,74
Eyes Without a Face,(1960),Not Rated,90 min,"Drama, Horror ",7.7,90
Invasion of the Body Snatchers,(1956),Not Rated,80 min,"Drama, Horror, Sci-Fi ",7.7,92
Rebel Without a Cause,(1955),PG-13,111 min,Drama ,7.7,89
The Ladykillers,(1955),Not Rated,91 min,"Comedy, Crime ",7.7,91
Sabrina,(1954),Passed,113 min,"Comedy, Drama, Romance ",7.7,72
The Quiet Man,(1952),Passed,129 min,"Comedy, Drama, Romance ",7.7,
The Day the Earth Stood Still,(1951),G,92 min,"Drama, Sci-Fi ",7.7,
The African Queen,(1951),PG,105 min,"Adventure, Drama, Romance ",7.7,91
Gilda,(1946),Approved,110 min,"Drama, Film-Noir, Romance ",7.7,
Fantasia,(1940),G,125 min,"Animation, Family, Fantasy ",7.7,96
The Invisible Man,(1933),TV-PG,71 min,"Horror, Sci-Fi ",7.7,87
The Farewell,(I) (2019),PG,100 min,"Comedy, Drama ",7.6,89
Searching,(III) (2018),PG-13,102 min,"Drama, Mystery, Thriller ",7.6,71
Once Upon a Time... In Hollywood,(2019),R,161 min,"Comedy, Drama ",7.6,83
Loveless,(2017),R,127 min,Drama ,7.6,86
The Florida Project,(2017),R,111 min,Drama ,7.6,92
Gifted,(2017),PG-13,101 min,Drama ,7.6,60
The Peanut Butter Falcon,(2019),PG-13,97 min,"Adventure, Comedy, Drama ",7.6,70
Victoria,(II) (2015),Not Rated,138 min,"Crime, Drama, Romance ",7.6,77
Mustang,(2015),PG-13,97 min,Drama ,7.6,83
Guardians of the Galaxy Vol. 2,(2017),PG-13,136 min,"Action, Adventure, Comedy ",7.6,67
Baby Driver,(2017),R,113 min,"Action, Crime, Music ",7.6,86
Only the Brave,(2017),PG-13,134 min,"Action, Biography, Drama ",7.6,72
Bridge of Spies,(2015),PG-13,142 min,"Drama, History, Thriller ",7.6,81
Incredibles 2,(2018),PG,118 min,"Animation, Action, Adventure ",7.6,80
Moana,(I) (2016),PG,107 min,"Animation, Adventure, Comedy ",7.6,81
Sicario,(2015),R,121 min,"Action, Crime, Drama ",7.6,82
Creed,(II) (2015),PG-13,133 min,"Drama, Sport ",7.6,82
Leviathan,(2014),R,140 min,"Crime, Drama ",7.6,92
Hell or High Water,(II) (2016),R,102 min,"Action, Crime, Drama ",7.6,88
Philomena,(2013),PG-13,98 min,"Biography, Comedy, Drama ",7.6,77
Dawn of the Planet of the Apes,(2014),PG-13,130 min,"Action, Adventure, Drama ",7.6,79
The Body,(2012),,112 min,"Mystery, Thriller ",7.6,
The Raid: Redemption,(2011),R,101 min,"Action, Thriller ",7.6,73
End of Watch,(2012),R,109 min,"Action, Crime, Drama ",7.6,68
The Secret World of Arrietty,(2010),G,94 min,"Animation, Adventure, Family ",7.6,80
A Star Is Born,(2018),R,136 min,"Drama, Music, Romance ",7.6,88
True Grit,(2010),PG-13,110 min,"Drama, Western ",7.6,80
In a Better World,(2010),R,118 min,"Drama, Romance ",7.6,65
Despicable Me,(2010),PG,95 min,"Animation, Comedy, Crime ",7.6,72
50/50,(2011),R,100 min,"Comedy, Drama, Romance ",7.6,72
Kick-Ass,(2010),R,117 min,"Action, Comedy, Crime ",7.6,66
Celda 211,(2009),,113 min,"Action, Adventure, Crime ",7.6,
Moneyball,(2011),PG-13,133 min,"Biography, Drama, Sport ",7.6,87
The Skin I Live In,(2011),R,120 min,"Drama, Horror, Thriller ",7.6,70
Zombieland,(2009),R,88 min,"Adventure, Comedy, Fantasy ",7.6,73
The Wave,(2008),Not Rated,107 min,"Drama, Thriller ",7.6,
Sherlock Holmes,(2009),PG-13,128 min,"Action, Adventure, Mystery ",7.6,57
The Blind Side,(2009),PG-13,129 min,"Biography, Drama, Sport ",7.6,53
The Visitor,(I) (2007),PG-13,104 min,Drama ,7.6,79
Seven Pounds,(2008),PG-13,123 min,"Drama, Romance ",7.6,36
Eastern Promises,(2007),R,100 min,"Action, Crime, Drama ",7.6,82
Stardust,(2007),PG-13,127 min,"Adventure, Family, Fantasy ",7.6,66
The Secret of Kells,(2009),Not Rated,75 min,"Animation, Adventure, Family ",7.6,81
Inside Man,(2006),R,129 min,"Crime, Drama, Mystery ",7.6,76
Gone Baby Gone,(2007),R,114 min,"Crime, Drama, Mystery ",7.6,72
La Vie En Rose,(2007),PG-13,140 min,"Biography, Drama, Music ",7.6,66
Fearless,(2006),PG-13,104 min,"Action, Biography, Drama ",7.6,70
The Illusionist,(2006),PG-13,110 min,"Drama, Fantasy, Mystery ",7.6,68
Thank You for Smoking,(2005),R,92 min,"Comedy, Drama ",7.6,71
Dead Man's Shoes,(2004),Not Rated,90 min,"Crime, Drama, Thriller ",7.6,52
Harry Potter and the Half-Blood Prince,(2009),PG,153 min,"Action, Adventure, Family ",7.6,78
300,(2006),R,117 min,"Action, Drama ",7.6,52
Match Point,(2005),R,124 min,"Drama, Romance, Thriller ",7.6,72
Watchmen,(2009),R,162 min,"Action, Drama, Mystery ",7.6,56
Lord of War,(2005),R,122 min,"Action, Crime, Drama ",7.6,62
Saw,(2004),R,103 min,"Horror, Mystery ",7.6,46
"Synecdoche, New York",(2008),R,124 min,Drama ,7.6,67
Mysterious Skin,(2004),Unrated,105 min,Drama ,7.6,73
Love Me If You Dare,(2003),R,93 min,"Comedy, Drama, Romance ",7.6,45
A Very Long Engagement,(2004),R,133 min,"Drama, Mystery, Romance ",7.6,76
The Station Agent,(2003),R,89 min,"Comedy, Drama ",7.6,81
21 Grams,(2003),R,124 min,"Crime, Drama, Thriller ",7.6,70
Love Actually,(2003),R,135 min,"Comedy, Drama, Romance ",7.6,55
Sympathy for Mr. Vengeance,(2002),R,129 min,"Crime, Drama, Thriller ",7.6,56
25th Hour,(2002),R,135 min,Drama ,7.6,68
The Butterfly Effect,(2004),R,113 min,"Drama, Sci-Fi, Thriller ",7.6,30
28 Days Later...,(2002),R,113 min,"Drama, Horror, Sci-Fi ",7.6,73
Battle Royale,(2000),Not Rated,114 min,"Action, Adventure, Drama ",7.6,81
The Royal Tenenbaums,(2001),R,110 min,"Comedy, Drama ",7.6,76
Y Tu Mamá También,(2001),R,106 min,Drama ,7.6,88
Harry Potter and the Sorcerer's Stone,(2001),PG,152 min,"Adventure, Family, Fantasy ",7.6,64
The Others,(2001),PG-13,104 min,"Horror, Mystery, Thriller ",7.6,74
Blow,(2001),R,124 min,"Biography, Crime, Drama ",7.6,52
Enemy at the Gates,(2001),R,131 min,"Drama, History, War ",7.6,53
Traffic,(2000),R,147 min,"Crime, Drama, Thriller ",7.6,86
Minority Report,(2002),PG-13,145 min,"Action, Crime, Mystery ",7.6,80
The Hurricane,(1999),R,146 min,"Biography, Drama, Sport ",7.6,74
American Psycho,(2000),R,101 min,"Comedy, Crime, Drama ",7.6,64
Run Lola Run,(1998),R,80 min,"Crime, Drama, Thriller ",7.6,77
The Thin Red Line,(1998),R,170 min,"Drama, War ",7.6,78
Mulan,(1998),G,88 min,"Animation, Adventure, Family ",7.6,71
Fear and Loathing in Las Vegas,(1998),R,118 min,"Adventure, Comedy, Drama ",7.6,41
Funny Games,(1997),Not Rated,108 min,"Crime, Drama, Thriller ",7.6,69
Dark City,(1998),R,100 min,"Mystery, Sci-Fi, Thriller ",7.6,66
Sleepers,(1996),R,147 min,"Crime, Drama, Thriller ",7.6,49
Lost Highway,(1997),R,134 min,"Mystery, Thriller ",7.6,52
Sense and Sensibility,(1995),PG,136 min,"Drama, Romance ",7.6,84
Die Hard with a Vengeance,(1995),R,128 min,"Action, Adventure, Thriller ",7.6,58
Dead Man,(1995),R,121 min,"Adventure, Drama, Fantasy ",7.6,62
The Bridges of Madison County,(1995),PG-13,135 min,"Drama, Romance ",7.6,66
Apollo 13,(I) (1995),PG,140 min,"Adventure, Drama, History ",7.6,77
Three Colors: White,(1994),R,92 min,"Comedy, Drama, Romance ",7.6,88
Falling Down,(1993),R,113 min,"Action, Crime, Drama ",7.6,56
Dazed and Confused,(1993),R,102 min,Comedy ,7.6,78
My Cousin Vinny,(1992),R,120 min,"Comedy, Crime ",7.6,68
Only Yesterday,(1991),PG,118 min,"Animation, Drama, Romance ",7.6,90
Delicatessen,(1991),R,99 min,"Comedy, Crime ",7.6,66
The Hunt for Red October,(1990),PG,135 min,"Action, Adventure, Thriller ",7.6,58
Home Alone,(1990),PG,103 min,"Comedy, Family ",7.6,63
The Godfather: Part III,(1990),R,162 min,"Crime, Drama ",7.6,60
When Harry Met Sally...,(1989),R,95 min,"Comedy, Drama, Romance ",7.6,76
National Lampoon's Christmas Vacation,(1989),PG-13,97 min,Comedy ,7.6,49
The Little Mermaid,(1989),G,83 min,"Animation, Family, Fantasy ",7.6,88
The Naked Gun: From the Files of Police Squad!,(1988),PG-13,85 min,"Comedy, Crime ",7.6,76
Dangerous Liaisons,(1988),R,119 min,"Drama, Romance ",7.6,74
"Planes, Trains and Automobiles",(1987),R,93 min,"Comedy, Drama ",7.6,72
Lethal Weapon,(1987),R,109 min,"Action, Crime, Thriller ",7.6,68
The Fly,(1986),R,96 min,"Drama, Horror, Sci-Fi ",7.6,79
Indiana Jones and the Temple of Doom,(1984),PG,118 min,"Action, Adventure ",7.6,57
Blood Simple,(1984),R,99 min,"Crime, Drama, Thriller ",7.6,82
On Golden Pond,(1981),PG,109 min,Drama ,7.6,68
The Road Warrior,(1981),R,96 min,"Action, Adventure, Sci-Fi ",7.6,77
The Warriors,(1979),R,92 min,"Action, Crime, Thriller ",7.6,65
The Muppet Movie,(1979),G,95 min,"Adventure, Comedy, Family ",7.6,74
Escape from Alcatraz,(1979),PG,112 min,"Action, Biography, Crime ",7.6,76
Watership Down,(1978),PG,91 min,"Animation, Adventure, Drama ",7.6,64
Midnight Express,(1978),R,121 min,"Biography, Crime, Drama ",7.6,59
Close Encounters of the Third Kind,(1977),PG,138 min,"Drama, Sci-Fi ",7.6,90
Robin Hood,(1973),G,83 min,"Animation, Adventure, Comedy ",7.6,57
The Long Goodbye,(1973),R,112 min,"Comedy, Crime, Drama ",7.6,87
Duck You Sucker,(1971),PG,138 min,"Drama, War, Western ",7.6,77
Kelly's Heroes,(1970),GP,144 min,"Adventure, Comedy, War ",7.6,50
The Jungle Book,(1967),G,78 min,"Animation, Adventure, Family ",7.6,65
Blow-Up,(1966),Not Rated,111 min,"Drama, Mystery, Thriller ",7.6,82
A Hard Day's Night,(1964),G,87 min,"Comedy, Music, Musical ",7.6,96
Breakfast at Tiffany's,(1961),Approved,115 min,"Comedy, Drama, Romance ",7.6,76
Giant,(1956),G,201 min,"Drama, Western ",7.6,84
From Here to Eternity,(1953),Passed,118 min,"Drama, Romance, War ",7.6,85
Lifeboat,(1944),Not Rated,97 min,"Drama, War ",7.6,78
Snow White and the Seven Dwarfs,(1937),Approved,83 min,"Animation, Family, Fantasy ",7.6,95
The 39 Steps,(1935),Not Rated,86 min,"Mystery, Thriller ",7.6,93
